{"cameraMode":{"drawMode":0,"name":"Shaded","section":"Shading Mode"},"sceneLighting":true,"audioPlay":false,"sceneViewState":{"m_AlwaysRefresh":false,"showFog":false,"showSkybox":true,"showFlares":true,"showImageEffects":true,"showParticleSystems":true,"showVisualEffectGraphs":true,"m_FxEnabled":true},"in2DMode":false,"pivot":{"x":1.5784416198730469,"y":2.1934523582458498,"z":18.314332962036134},"rotation":{"x":-0.14344757795333863,"y":-0.483318567276001,"z":0.08063609898090363,"w":-0.8598425984382629},"size":11.918290138244629,"orthographic":false}