{"cameraMode":{"drawMode":0,"name":"Shaded","section":"Shading Mode"},"sceneLighting":false,"audioPlay":false,"sceneViewState":{"m_AlwaysRefresh":false,"showFog":false,"showSkybox":false,"showFlares":true,"showImageEffects":true,"showParticleSystems":true,"showVisualEffectGraphs":true,"m_FxEnabled":true},"in2DMode":false,"pivot":{"x":-2.501232862472534,"y":0.16761380434036256,"z":2.5309438705444338},"rotation":{"x":-0.45348793268203738,"y":0.044623393565416339,"z":-0.022724060341715814,"w":-0.8898640871047974},"size":3.241269588470459,"orthographic":false}