{"cameraMode":{"drawMode":0,"name":"Shaded","section":"Shading Mode"},"sceneLighting":true,"audioPlay":false,"sceneViewState":{"m_AlwaysRefresh":false,"showFog":true,"showSkybox":true,"showFlares":true,"showImageEffects":true,"showParticleSystems":true,"showVisualEffectGraphs":true,"m_FxEnabled":true},"in2DMode":false,"pivot":{"x":-1.7053699493408204,"y":0.32875728607177737,"z":0.4031517505645752},"rotation":{"x":-0.18154576420783997,"y":0.7125546336174011,"z":-0.1997457593679428,"w":-0.6476255655288696},"size":3.8313305377960207,"orthographic":false}