{"cameraMode":{"drawMode":0,"name":"Shaded","section":"Shading Mode"},"sceneLighting":true,"audioPlay":false,"sceneViewState":{"m_AlwaysRefresh":false,"showFog":true,"showSkybox":true,"showFlares":true,"showImageEffects":true,"showParticleSystems":true,"showVisualEffectGraphs":true,"m_FxEnabled":true},"in2DMode":false,"pivot":{"x":-1.3234485387802125,"y":0.6874054670333862,"z":-0.13796818256378175},"rotation":{"x":0.007768802810460329,"y":0.9741406440734863,"z":-0.2232738882303238,"w":0.033915869891643527},"size":2.161720037460327,"orthographic":false}