{"cameraMode":{"drawMode":0,"name":"Shaded","section":"Shading Mode"},"sceneLighting":false,"audioPlay":false,"sceneViewState":{"m_AlwaysRefresh":false,"showFog":true,"showSkybox":false,"showFlares":true,"showImageEffects":true,"showParticleSystems":true,"showVisualEffectGraphs":true,"m_FxEnabled":true},"in2DMode":false,"pivot":{"x":14.52861213684082,"y":1.7826634645462037,"z":0.1013256311416626},"rotation":{"x":-0.01199971605092287,"y":-0.002101730788126588,"z":-0.00002523423609090969,"w":0.9999278783798218},"size":4.74976921081543,"orthographic":true}