{"cameraMode":{"drawMode":0,"name":"Shaded","section":"Shading Mode"},"sceneLighting":true,"audioPlay":false,"sceneViewState":{"m_AlwaysRefresh":false,"showFog":false,"showSkybox":true,"showFlares":true,"showImageEffects":true,"showParticleSystems":true,"showVisualEffectGraphs":true,"m_FxEnabled":true},"in2DMode":false,"pivot":{"x":-0.025429077446460725,"y":1.2469887733459473,"z":-1.604882836341858},"rotation":{"x":0.37341105937957766,"y":0.023636437952518464,"z":-0.009550582617521286,"w":0.9273327589035034},"size":2.2642128467559816,"orthographic":false}